id,time,lng,lat,pos_x,pos_y,pos_z,std_x,std_y,std_z,max_x,max_y,max_z,temp
AV333,2022-01-14 10:00:28,-3.591348135,37.165178912,2048,16384,2048,0,0,0,0,0,359.168,13.695
AV333,2022-01-14 10:30:24,-3.59125658,37.165194171,2048,16384,2048,0,0,0,0,0,359.168,10.602
AV333,2022-01-14 11:00:38,-3.59125658,37.164995804,2048,16384,2048,0,0,0,0,0,359.168,13.076
AV333,2022-01-14 11:30:35,-3.59125658,37.165163653,2048,16384,2048,0,0,0,0,0,359.168,15.551
AV333,2022-01-14 12:00:43,-3.591973754,37.164827955,2048,16384,2048,0,0,0,0,0,359.168,18.026
AV333,2022-01-14 12:30:59,-3.591699092,37.164415961,2048,16384,2048,0,0,0,0,0,359.168,19.882
AV333,2022-01-14 13:00:55,-3.591515984,37.164705882,2048,16384,2048,0,0,0,0,0,359.168,21.119
AV333,2022-01-14 13:31:08,-3.59142443,37.165011063,2048,16384,2048,0,0,0,0,0,359.168,22.356
AV333,2022-01-14 14:01:09,-3.591317617,37.165011063,2048,16384,2048,0,0,0,359.168,0,359.168,22.975
AV333,2022-01-14 14:31:23,-3.59125658,37.164858473,2048,16384,2048,0,0,0,0,0,359.168,21.119
AV333,2022-01-14 15:01:37,-3.591241321,37.164873732,2048,16384,2048,0,0,223.984,0,0,359.168,19.263
AV333,2022-01-14 15:31:31,-3.591393912,37.165072099,2048,16384,2048,0,0,0,0,0,359.168,16.17
AV333,2022-01-14 16:01:34,-3.591470207,37.16505684,2048,16384,2048,0,0,0,0,0,359.168,14.314
AV333,2022-01-14 16:31:41,-3.591485466,37.165117876,2048,16384,2048,0,0,0,359.168,0,359.168,13.076
AV333,2022-01-14 17:01:44,-3.591439689,37.164995804,2048,16384,2048,0,0,0,0,0,359.168,12.458
AV333,2022-01-14 18:02:40,-3.591485466,37.164995804,2048,16384,2048,0,0,0,359.168,0,359.168,10.602
AV333,2022-01-14 18:32:32,-3.591439689,37.165041581,0,16384,2048,0,0,0,0,0,359.168,10.602
AV333,2022-01-14 19:02:09,-3.591485466,37.164995804,0,16384,2048,0,0,0,359.168,0,359.168,10.602
AV333,2022-01-14 19:32:10,-3.591546502,37.165087358,0,16384,2048,0,0,0,359.168,0,359.168,10.602
AV333,2022-01-14 20:02:15,-3.59157702,37.165117876,0,16384,2048,0,0,0,0,0,359.168,10.602
AV333,2022-01-14 20:32:20,-3.591531243,37.165087358,0,16384,2048,0,0,0,0,0,359.168,10.602
AV333,2022-01-14 21:02:34,-3.591149767,37.165133135,0,16384,2048,0,0,223.984,0,0,359.168,10.602
AV333,2022-01-14 21:32:41,-3.590691997,37.165148394,0,16384,2048,0,0,0,359.168,0,359.168,10.602
AV333,2022-01-14 22:03:08,-3.59172961,37.165133135,0,16384,2048,0,0,223.984,0,0,359.168,10.602
AV333,2022-01-14 22:32:45,-3.591500725,37.165011063,0,16384,2048,0,0,0,0,0,359.168,10.602
AV333,2022-01-14 23:02:48,-3.591561761,37.165026322,0,16384,2048,0,0,0,359.168,0,359.168,10.602
AV333,2022-01-14 23:33:02,-3.591500725,37.165026322,0,16384,2048,0,0,0,359.168,0,359.168,10.602
AV333,2022-01-15 00:03:02,-3.591485466,37.165087358,0,16384,2048,0,0,0,359.168,0,359.168,10.602
AV333,2022-01-15 00:33:03,-3.591515984,37.16505684,0,16384,2048,0,0,0,0,0,359.168,10.602
AV333,2022-01-15 01:03:10,-3.591454948,37.165255207,0,16384,2048,0,0,0,359.168,0,359.168,10.602
AV333,2022-01-15 01:33:15,-3.591195544,37.165041581,0,16384,2048,0,0,0,0,0,359.168,10.602
AV333,2022-01-15 02:03:21,-3.591638056,37.165087358,0,16384,2048,0,0,0,0,0,359.168,10.602
AV333,2022-01-15 02:33:46,-3.591165026,37.165407797,0,16384,2048,0,0,0,0,0,359.168,10.602
AV333,2022-01-15 02:33:46,-3.591165026,37.165407797,0,16384,2048,0,0,0,0,0,359.168,10.602
AV333,2022-01-15 03:03:38,-3.591195544,37.165407797,0,16384,2048,0,0,0,0,0,359.168,10.602
AV333,2022-01-15 03:03:38,-3.591195544,37.165407797,0,16384,2048,0,0,0,0,0,359.168,10.602
AV333,2022-01-15 03:34:06,-3.591500725,37.165011063,0,16384,2048,0,0,0,0,0,359.168,10.602
AV333,2022-01-15 04:03:40,-3.591531243,37.165011063,0,16384,2048,0,0,0,0,0,359.168,10.602
AV333,2022-01-15 04:33:45,-3.591531243,37.165011063,0,16384,2048,0,0,0,0,0,359.168,10.602
AV333,2022-01-15 05:03:50,-3.591531243,37.165026322,0,16384,2048,0,0,0,0,0,359.168,10.602
AV333,2022-01-15 05:33:56,-3.591546502,37.165102617,0,16384,2048,0,0,0,0,0,359.168,10.602
AV333,2022-01-15 06:04:08,-3.591515984,37.165072099,0,16384,2048,0,0,0,0,0,359.168,10.602
AV333,2022-01-15 06:34:37,-3.591515984,37.165041581,0,16384,2048,0,0,0,0,0,359.168,10.602
AV333,2022-01-15 07:04:17,-3.591515984,37.165072099,0,16384,2048,0,0,0,0,0,359.168,10.602
AV333,2022-01-15 07:34:17,-3.591561761,37.165087358,0,16384,2048,0,0,0,0,0,359.168,10.602
AV333,2022-01-15 08:04:28,-3.591561761,37.165087358,0,16384,2048,0,0,0,359.168,0,359.168,10.602
AV333,2022-01-15 08:34:27,-3.591561761,37.165102617,0,16384,2048,0,0,0,0,0,359.168,10.602
AV333,2022-01-15 09:34:37,-3.591485466,37.165011063,0,16384,2048,0,0,0,0,0,359.168,10.602
AV333,2022-01-15 10:04:55,-3.591470207,37.165011063,2048,16384,2048,0,0,0,0,0,359.168,10.602
AV333,2022-01-15 10:34:48,-3.591531243,37.165087358,2048,16384,2048,0,0,0,0,0,359.168,10.602
AV333,2022-01-15 11:04:55,-3.591470207,37.165041581,2048,16384,2048,0,0,0,359.168,0,359.168,13.076
AV333,2022-01-15 11:35:07,-3.591378653,37.164995804,2048,16384,2048,0,0,0,0,0,359.168,16.17
AV333,2022-01-15 12:05:08,-3.591348135,37.165102617,2048,16384,2048,0,0,0,0,0,359.168,18.644
AV333,2022-01-15 12:35:16,-3.591454948,37.165011063,2048,16384,2048,0,0,0,0,0,359.168,20.5
AV333,2022-01-15 13:05:20,-3.591393912,37.164934768,2048,16384,2048,0,0,0,0,0,359.168,21.738
AV333,2022-01-15 13:35:38,-3.591348135,37.164965286,2048,16384,2048,0,0,0,0,0,359.168,22.356
AV333,2022-01-15 14:05:34,-3.591332876,37.165011063,2048,16384,2048,0,0,0,359.168,0,359.168,22.356
AV333,2022-01-15 14:35:41,-3.591531243,37.164797436,2048,16384,2048,0,0,0,0,0,359.168,22.975
AV333,2022-01-15 15:05:49,-3.590920882,37.16505684,2048,16384,2048,0,0,0,359.168,0,359.168,19.882
AV333,2022-01-15 15:35:53,-3.591470207,37.165026322,2048,16384,2048,0,0,0,0,0,359.168,16.17
AV333,2022-01-15 16:05:58,-3.591409171,37.165087358,2048,16384,2048,0,0,0,0,0,359.168,14.314
AV333,2022-01-15 16:36:03,-3.591363394,37.165087358,2048,16384,2048,0,0,223.984,0,0,359.168,13.076
AV333,2022-01-15 17:06:11,-3.591439689,37.165087358,2048,16384,2048,0,0,0,0,0,359.168,11.839
AV333,2022-01-15 17:36:17,-3.591485466,37.165041581,2048,16384,2048,0,0,0,0,0,359.168,10.602
AV333,2022-01-15 18:06:28,-3.591470207,37.165072099,2048,16384,2048,0,0,0,0,0,359.168,10.602
AV333,2022-01-15 18:36:55,-3.591454948,37.16505684,2048,16384,2048,0,0,0,0,0,359.168,10.602
AV333,2022-01-15 19:06:41,-3.591485466,37.16505684,2048,16384,2048,0,0,0,0,0,359.168,10.602
AV333,2022-01-15 19:36:45,-3.591546502,37.16505684,2048,16384,2048,0,0,0,0,0,359.168,10.602
AV333,2022-01-15 20:36:49,-3.591592279,37.165117876,2048,16384,2048,0,0,0,359.168,0,359.168,10.602
AV333,2022-01-15 21:06:55,-3.591454948,37.165102617,0,16384,2048,0,0,0,0,0,359.168,10.602
AV333,2022-01-15 21:37:01,-3.591348135,37.165178912,2048,16384,2048,0,0,0,0,0,359.168,10.602
AV333,2022-01-15 22:07:14,-3.591363394,37.165163653,2048,16384,2048,0,0,0,0,0,359.168,10.602
AV333,2022-01-15 22:37:13,-3.591302358,37.164965286,0,16384,2048,0,0,0,0,0,359.168,10.602
AV333,2022-01-15 23:07:18,-3.591515984,37.165087358,0,16384,2048,0,0,0,0,0,359.168,10.602
AV333,2022-01-15 23:37:33,-3.591531243,37.165255207,0,16384,2048,0,0,0,0,0,359.168,10.602
AV333,2022-01-16 00:37:35,-3.591378653,37.165163653,0,16384,2048,0,0,0,0,0,359.168,10.602
AV333,2022-01-16 01:07:39,-3.591271839,37.165072099,0,16384,2048,0,0,0,0,0,359.168,10.602
AV333,2022-01-16 01:37:46,-3.591348135,37.165178912,0,16384,2048,0,0,0,0,0,359.168,10.602
AV333,2022-01-16 02:07:53,-3.591409171,37.165194171,0,16384,2048,0,0,0,359.168,0,359.168,10.602
AV333,2022-01-16 02:37:58,-3.59142443,37.165194171,0,16384,2048,0,0,0,0,0,359.168,10.602
AV333,2022-01-16 02:37:58,-3.59142443,37.165194171,0,16384,2048,0,0,0,0,0,359.168,10.602
AV333,2022-01-16 03:08:06,-3.591683833,37.165011063,0,16384,2048,0,0,0,359.168,0,359.168,10.602
AV333,2022-01-16 03:08:06,-3.591683833,37.165011063,0,16384,2048,0,0,0,359.168,0,359.168,10.602
AV333,2022-01-16 03:38:09,-3.591454948,37.165072099,0,16384,2048,0,0,0,0,0,359.168,10.602
AV333,2022-01-16 04:08:21,-3.591409171,37.165072099,0,16384,2048,0,0,0,0,0,359.168,10.602
AV333,2022-01-16 04:38:19,-3.591500725,37.165133135,0,16384,2048,0,0,0,0,0,359.168,10.602
AV333,2022-01-16 05:08:25,-3.591439689,37.165133135,0,16384,2048,0,0,0,0,0,359.168,10.602
AV333,2022-01-16 05:38:29,-3.591332876,37.165041581,0,16384,2048,0,0,0,0,0,359.168,10.602
AV333,2022-01-16 06:08:35,-3.591241321,37.165102617,0,16384,2048,0,0,0,359.168,0,359.168,10.602
AV333,2022-01-16 06:38:45,-3.591363394,37.165224689,0,16384,2048,0,0,0,0,0,359.168,10.602
AV333,2022-01-16 07:08:43,-3.591363394,37.165087358,0,16384,2048,0,0,0,0,0,359.168,10.602
AV333,2022-01-16 07:38:49,-3.591332876,37.165102617,0,16384,2048,0,0,0,0,0,359.168,10.602
AV333,2022-01-16 08:08:54,-3.591363394,37.165163653,0,16384,2048,0,0,0,359.168,0,359.168,10.602
AV333,2022-01-16 08:38:59,-3.591393912,37.165178912,0,16384,2048,0,0,0,0,0,359.168,10.602
AV333,2022-01-16 09:09:05,-3.591439689,37.165194171,0,16384,2048,0,0,0,0,0,359.168,10.602
AV333,2022-01-16 09:39:10,-3.591485466,37.16520943,2048,16384,2048,0,0,0,0,0,359.168,10.602
AV333,2022-01-16 10:09:50,-3.591470207,37.165026322,2048,16384,2048,0,0,0,359.168,0,359.168,10.602
AV333,2022-01-16 10:39:24,-3.591515984,37.165072099,2048,16384,2048,0,0,0,0,0,359.168,10.602
AV333,2022-01-16 11:09:28,-3.591561761,37.165117876,2048,16384,2048,0,0,0,0,0,359.168,13.695
AV333,2022-01-16 11:39:33,-3.591363394,37.165026322,2048,16384,2048,0,0,0,0,0,359.168,16.17
AV333,2022-01-16 12:09:46,-3.591378653,37.165270466,2048,16384,2048,0,0,0,0,0,359.168,19.263
AV333,2022-01-16 12:39:57,-3.591653315,37.165255207,2048,16384,2048,0,0,0,0,0,359.168,21.119
AV333,2022-01-16 13:09:52,-3.591332876,37.165163653,2048,16384,2048,0,0,0,359.168,0,359.168,22.975
AV333,2022-01-16 13:39:59,-3.59157702,37.165102617,2048,16384,2048,0,0,0,0,0,359.168,23.594
AV333,2022-01-16 14:10:07,-3.591210803,37.164888991,2048,16384,2048,0,0,0,0,0,359.168,24.212
AV333,2022-01-16 14:40:14,-3.591210803,37.164888991,2048,16384,2048,0,0,0,0,0,359.168,24.212
AV333,2022-01-16 15:10:21,-3.591454948,37.165011063,2048,16384,2048,0,0,0,359.168,0,359.168,20.5
AV333,2022-01-16 15:40:26,-3.591302358,37.165148394,2048,16384,2048,0,0,0,359.168,0,359.168,17.407
AV333,2022-01-16 16:10:31,-3.591302358,37.165041581,2048,16384,2048,0,0,0,359.168,0,359.168,15.551
AV333,2022-01-16 16:40:37,-3.591073472,37.164980545,2048,16384,2048,0,0,0,359.168,0,359.168,14.314
AV333,2022-01-16 17:10:45,-3.591241321,37.165270466,2048,16384,2048,0,0,0,359.168,0,359.168,13.076
AV333,2022-01-16 17:40:49,-3.591775387,37.164858473,2048,16384,2048,0,0,0,0,0,359.168,11.839
AV333,2022-01-16 18:11:27,-3.591485466,37.165026322,2048,16384,2048,0,0,0,0,0,359.168,10.602
AV333,2022-01-16 18:41:04,-3.591515984,37.165041581,2048,16384,2048,0,0,0,0,0,359.168,10.602
AV333,2022-01-16 19:11:04,-3.591454948,37.164965286,2048,16384,2048,0,0,0,359.168,0,359.168,10.602
AV333,2022-01-16 19:41:19,-3.591531243,37.165072099,2048,16384,2048,0,0,0,0,0,359.168,10.602
AV333,2022-01-16 20:11:16,-3.591668574,37.165148394,2048,16384,2048,0,0,0,0,0,359.168,10.602
AV333,2022-01-16 20:41:27,-3.59172961,37.165117876,2048,16384,2048,0,0,0,0,0,359.168,10.602
AV333,2022-01-16 21:11:37,-3.591714351,37.165148394,2048,16384,2048,0,0,0,0,0,359.168,10.602
AV333,2022-01-16 21:41:46,-3.591119249,37.165178912,2048,16384,2048,0,0,0,0,0,359.168,10.602
AV333,2022-01-16 22:11:54,-3.590997177,37.16520943,2048,16384,2048,0,0,0,0,0,359.168,10.602
AV333,2022-01-16 22:41:59,-3.591226062,37.165163653,2048,16384,2048,0,0,0,0,0,359.168,10.602
AV333,2022-01-16 23:11:57,-3.591332876,37.16505684,2048,16384,2048,0,0,0,359.168,0,359.168,10.602
AV333,2022-01-16 23:42:11,-3.591470207,37.165041581,2048,16384,2048,0,0,0,0,0,359.168,10.602
AV333,2022-01-17 00:11:59,-3.591378653,37.165117876,2048,16384,2048,0,0,0,0,0,359.168,10.602
AV333,2022-01-17 00:42:31,-3.591485466,37.16505684,0,16384,2048,0,0,0,0,0,359.168,10.602
AV333,2022-01-17 01:12:09,-3.591485466,37.16505684,2048,16384,2048,0,0,0,0,0,359.168,10.602
AV333,2022-01-17 01:42:15,-3.591515984,37.165087358,2048,16384,2048,0,0,0,0,0,359.168,10.602
AV333,2022-01-17 02:12:27,-3.591454948,37.16490425,2048,16384,2048,0,0,0,359.168,0,359.168,10.602
AV333,2022-01-17 02:12:27,-3.591454948,37.16490425,2048,16384,2048,0,0,0,359.168,0,359.168,10.602
AV333,2022-01-17 02:42:40,-3.591515984,37.164934768,0,16384,2048,0,0,0,0,0,359.168,10.602
AV333,2022-01-17 02:42:40,-3.591515984,37.164934768,0,16384,2048,0,0,0,0,0,359.168,10.602
AV333,2022-01-17 03:12:33,-3.591546502,37.165117876,0,16384,2048,0,0,223.984,0,0,359.168,10.602
AV333,2022-01-17 03:42:49,-3.591470207,37.16505684,0,16384,2048,0,0,0,359.168,0,359.168,10.602
AV333,2022-01-17 04:12:44,-3.591653315,37.165148394,0,16384,2048,0,0,0,0,0,359.168,10.602
AV333,2022-01-17 04:42:49,-3.591592279,37.165178912,0,16384,2048,0,0,0,0,0,359.168,10.602
AV333,2022-01-17 05:12:54,-3.591500725,37.165087358,0,16384,2048,0,0,0,359.168,0,359.168,10.602
AV333,2022-01-17 05:43:00,-3.59142443,37.165011063,0,16384,2048,0,0,0,0,0,359.168,10.602
AV333,2022-01-17 06:13:18,-3.59110399,37.165194171,0,16384,2048,0,0,223.984,359.168,0,359.168,10.602
AV333,2022-01-17 06:43:19,-3.590768292,37.165194171,0,16384,2048,0,0,0,0,0,359.168,10.602
AV333,2022-01-17 07:13:18,-3.590875105,37.165087358,0,16384,2048,0,0,0,0,0,359.168,10.602
AV333,2022-01-17 07:43:21,-3.590981918,37.164980545,0,16384,2048,0,0,223.984,0,0,359.168,10.602
AV333,2022-01-17 08:43:35,-3.590966659,37.164965286,0,16384,2048,0,0,0,0,0,359.168,10.602
AV333,2022-01-17 09:13:44,-3.591119249,37.164995804,2048,16384,2048,0,0,0,359.168,0,359.168,10.602
AV333,2022-01-17 09:43:49,-3.591287098,37.164995804,2048,16384,2048,0,0,0,0,0,359.168,10.602
AV333,2022-01-17 10:13:48,-3.591226062,37.16505684,2048,16384,2048,0,0,0,0,0,359.168,10.602
AV333,2022-01-17 10:43:57,-3.591271839,37.164980545,2048,16384,2048,0,0,223.984,0,0,359.168,11.22
AV333,2022-01-17 11:14:00,-3.591332876,37.164919509,2048,16384,2048,0,0,0,359.168,0,359.168,14.314
AV333,2022-01-17 11:44:06,-3.59125658,37.165026322,2048,16384,2048,0,0,0,0,0,359.168,17.407
AV333,2022-01-17 12:14:13,-3.591241321,37.165041581,2048,16384,2048,0,0,0,359.168,0,359.168,19.882
AV333,2022-01-17 12:44:25,-3.591119249,37.165011063,2048,16384,2048,0,0,0,0,0,359.168,21.738
AV333,2022-01-17 13:14:25,-3.590981918,37.164995804,2048,16384,2048,0,0,0,0,0,359.168,24.212
AV333,2022-01-17 14:45:07,-3.591119249,37.164965286,2048,16384,2048,0,0,0,0,0,359.168,25.45
AV333,2022-01-17 15:14:49,-3.591393912,37.165072099,2048,16384,2048,0,0,223.984,0,0,359.168,21.119
AV333,2022-01-17 15:44:55,-3.591363394,37.16505684,2048,16384,2048,0,0,0,0,0,359.168,18.026
AV333,2022-01-17 16:15:05,-3.591454948,37.165011063,2048,16384,2048,0,0,0,0,0,359.168,16.17
AV333,2022-01-17 16:45:10,-3.591515984,37.16505684,2048,16384,2048,0,0,0,359.168,0,359.168,14.314
AV333,2022-01-17 17:15:15,-3.591515984,37.165087358,2048,16384,2048,0,0,0,359.168,0,359.168,13.076
AV333,2022-01-17 17:45:53,-3.591485466,37.164980545,2048,16384,2048,0,0,0,0,0,359.168,11.839
AV333,2022-01-17 18:15:55,-3.591393912,37.16505684,2048,16384,2048,0,0,0,0,0,359.168,10.602
AV333,2022-01-17 18:45:35,-3.591470207,37.165011063,2048,16384,2048,0,0,0,359.168,0,359.168,10.602
AV333,2022-01-17 19:15:45,-3.591363394,37.164675364,2048,16384,2048,0,0,0,359.168,0,359.168,10.602
AV333,2022-01-17 19:45:43,-3.591638056,37.165117876,2048,16384,2048,0,0,0,0,0,359.168,10.602
AV333,2022-01-17 20:15:49,-3.59157702,37.165117876,2048,16384,2048,0,0,0,0,0,359.168,10.602
AV333,2022-01-17 20:45:55,-3.591668574,37.165117876,2048,16384,2048,0,0,0,0,0,359.168,10.602
AV333,2022-01-17 21:46:07,-3.591744869,37.164995804,2048,16384,2048,0,0,0,0,0,359.168,10.602
AV333,2022-01-17 22:16:37,-3.591668574,37.164995804,2048,16384,2048,0,0,0,0,0,359.168,10.602
AV333,2022-01-17 22:46:16,-3.591500725,37.165041581,2048,16384,2048,0,0,0,359.168,0,359.168,10.602
AV333,2022-01-17 23:16:22,-3.591531243,37.16505684,2048,16384,2048,0,0,0,359.168,0,359.168,10.602
AV333,2022-01-17 23:46:29,-3.591470207,37.165041581,2048,16384,2048,0,0,0,0,0,359.168,10.602
AV333,2022-01-18 00:16:34,-3.591531243,37.165041581,2048,16384,2048,0,0,0,0,0,359.168,10.602
AV333,2022-01-18 00:46:51,-3.591439689,37.164995804,2048,16384,2048,0,0,223.984,0,0,359.168,10.602
AV333,2022-01-18 01:16:45,-3.590981918,37.164812696,2048,16384,2048,0,0,0,359.168,0,359.168,10.602
AV333,2022-01-18 01:46:57,-3.591638056,37.16490425,2048,16384,2048,0,0,0,359.168,0,359.168,10.602
AV333,2022-01-18 02:17:25,-3.591409171,37.165072099,2048,16384,2048,0,0,0,0,0,359.168,10.602
AV333,2022-01-18 02:17:25,-3.591409171,37.165072099,2048,16384,2048,0,0,0,0,0,359.168,10.602
AV333,2022-01-18 02:47:25,-3.591500725,37.165026322,2048,16384,2048,0,0,0,0,0,359.168,10.602
AV333,2022-01-18 02:47:25,-3.591500725,37.165026322,2048,16384,2048,0,0,0,0,0,359.168,10.602
AV333,2022-01-18 03:17:04,-3.591515984,37.164980545,0,16384,2048,0,0,0,0,0,359.168,10.602
AV333,2022-01-18 03:47:09,-3.591500725,37.164995804,2048,16384,2048,0,0,0,0,0,359.168,10.602
AV333,2022-01-18 04:17:37,-3.591515984,37.165041581,2048,16384,2048,0,0,0,359.168,0,359.168,10.602
AV333,2022-01-18 04:47:20,-3.591546502,37.165072099,2048,16384,2048,0,0,0,0,0,359.168,10.602
AV333,2022-01-18 05:17:33,-3.591561761,37.165133135,2048,16384,2048,0,0,0,0,0,359.168,10.602
AV333,2022-01-18 05:47:37,-3.59157702,37.165102617,2048,16384,2048,0,0,0,0,0,359.168,10.602
AV333,2022-01-18 06:18:07,-3.591622797,37.165102617,2048,16384,2048,0,0,0,0,0,359.168,10.602
AV333,2022-01-18 06:47:45,-3.591638056,37.165194171,2048,16384,2048,0,0,0,0,0,359.168,10.602
AV333,2022-01-18 07:17:56,-3.591515984,37.16505684,2048,16384,2048,0,0,0,359.168,0,359.168,10.602
AV333,2022-01-18 07:47:53,-3.591653315,37.165194171,2048,16384,2048,0,0,0,0,0,359.168,10.602
AV333,2022-01-18 08:18:07,-3.591561761,37.165117876,2048,16384,2048,0,0,0,0,0,359.168,10.602
AV333,2022-01-18 08:48:17,-3.591714351,37.165270466,2048,16384,2048,0,0,223.984,0,0,359.168,10.602
AV333,2022-01-18 09:18:18,-3.591607538,37.165468833,2048,16384,2048,0,0,0,0,0,359.168,10.602
AV333,2022-01-18 09:48:37,-3.591378653,37.165590906,2048,16384,2048,0,0,0,359.168,0,359.168,10.602
AV333,2022-01-18 10:18:22,-3.59142443,37.165041581,2048,16384,2048,0,0,0,359.168,0,359.168,10.602
AV333,2022-01-18 10:48:39,-3.591226062,37.164980545,2048,16384,2048,0,0,0,359.168,0,359.168,11.839
AV333,2022-01-18 11:18:33,-3.591409171,37.165026322,2048,16384,2048,0,0,0,359.168,0,359.168,14.932
AV333,2022-01-18 11:48:40,-3.591393912,37.164919509,2048,16384,2048,0,0,0,0,0,359.168,17.407
AV333,2022-01-18 12:18:50,-3.59157702,37.165346761,2048,16384,2048,0,0,0,0,0,359.168,19.882
AV333,2022-01-18 12:48:51,-3.591348135,37.164827955,2048,16384,2048,0,0,0,359.168,0,359.168,22.356
AV333,2022-01-18 13:18:59,-3.591302358,37.164797436,2048,16384,2048,0,0,0,0,0,359.168,23.594
AV333,2022-01-18 13:49:05,-3.591393912,37.165224689,2048,16384,2048,0,0,0,0,0,359.168,24.831
AV333,2022-01-18 14:19:20,-3.59142443,37.165041581,2048,16384,2048,0,0,0,0,0,359.168,25.45
AV333,2022-01-18 15:19:25,-3.591561761,37.164950027,2048,16384,2048,0,0,0,0,0,359.168,20.5
AV333,2022-01-18 15:49:32,-3.591546502,37.165026322,2048,16384,2048,0,0,0,0,0,359.168,18.026
AV333,2022-01-18 16:19:37,-3.591210803,37.164965286,2048,16384,2048,0,0,223.984,0,0,359.168,16.17
AV333,2022-01-18 16:49:44,-3.591592279,37.164873732,2048,16384,2048,0,0,0,0,0,359.168,14.932
AV333,2022-01-18 17:19:55,-3.591241321,37.165148394,2048,16384,2048,0,0,0,0,0,359.168,13.076
AV333,2022-01-18 17:50:26,-3.591454948,37.164995804,2048,16384,2048,0,0,0,0,0,359.168,11.839
AV333,2022-01-18 18:20:27,-3.591500725,37.165026322,2048,16384,2048,0,0,0,359.168,0,359.168,10.602
AV333,2022-01-18 18:50:09,-3.591500725,37.165041581,2048,16384,2048,0,0,0,0,0,359.168,10.602
AV333,2022-01-18 19:20:12,-3.591500725,37.165087358,2048,16384,2048,0,0,0,0,0,359.168,10.602
AV333,2022-01-18 19:50:19,-3.591561761,37.165072099,2048,16384,2048,0,0,0,0,0,359.168,10.602
AV333,2022-01-18 20:20:25,-3.591531243,37.16505684,2048,16384,2048,0,0,0,0,0,359.168,10.602
AV333,2022-01-18 20:50:42,-3.591332876,37.165102617,2048,16384,2048,0,0,0,0,0,359.168,10.602
AV333,2022-01-18 21:20:43,-3.59125658,37.165148394,2048,16384,2048,0,0,0,359.168,0,359.168,10.602
AV333,2022-01-18 21:50:41,-3.591561761,37.165346761,2048,16384,2048,0,0,0,0,0,359.168,10.602
AV333,2022-01-18 22:20:59,-3.591378653,37.165163653,2048,16384,2048,0,0,0,0,0,359.168,10.602
AV333,2022-01-18 22:50:53,-3.591485466,37.165087358,2048,16384,2048,0,0,0,0,0,359.168,10.602
AV333,2022-01-18 23:21:08,-3.591515984,37.165239948,2048,16384,2048,0,0,0,359.168,0,359.168,10.602
AV333,2022-01-18 23:51:03,-3.591531243,37.165255207,2048,16384,2048,0,0,0,0,0,359.168,10.602
AV333,2022-01-19 00:21:08,-3.591470207,37.165148394,2048,16384,2048,0,0,0,359.168,0,359.168,10.602
AV333,2022-01-19 00:51:37,-3.591287098,37.16505684,2048,16384,2048,0,0,0,0,0,359.168,10.602
AV333,2022-01-19 01:21:17,-3.591485466,37.165026322,2048,16384,2048,0,0,0,0,0,359.168,10.602
AV333,2022-01-19 01:51:24,-3.591561761,37.165133135,2048,16384,2048,0,0,223.984,0,0,359.168,10.602
AV333,2022-01-19 02:21:31,-3.591592279,37.165102617,2048,16384,2048,0,0,0,0,0,359.168,10.602
AV333,2022-01-19 02:21:31,-3.591592279,37.165102617,2048,16384,2048,0,0,0,0,0,359.168,10.602
AV333,2022-01-19 02:51:35,-3.591638056,37.165026322,2048,16384,2048,0,0,0,0,0,359.168,10.602
AV333,2022-01-19 02:51:35,-3.591638056,37.165026322,2048,16384,2048,0,0,0,0,0,359.168,10.602
AV333,2022-01-19 03:21:39,-3.591561761,37.165087358,2048,16384,2048,0,0,0,0,0,359.168,10.602
AV333,2022-01-19 03:51:47,-3.59157702,37.165072099,2048,16384,2048,0,0,0,0,0,359.168,10.602
AV333,2022-01-19 04:21:51,-3.591561761,37.165239948,2048,16384,2048,0,0,0,0,0,359.168,10.602
AV333,2022-01-19 04:52:00,-3.591454948,37.165331502,2048,16384,2048,0,0,0,0,0,359.168,10.602
AV333,2022-01-19 05:22:03,-3.591638056,37.165545129,2048,16384,2048,0,0,0,0,0,359.168,10.602
AV333,2022-01-19 05:52:11,-3.59172961,37.16536202,2048,16384,2048,0,0,0,0,0,359.168,10.602
AV333,2022-01-19 06:22:38,-3.591378653,37.165102617,2048,16384,2048,0,0,0,0,0,359.168,10.602
AV333,2022-01-19 06:52:43,-3.591485466,37.165072099,2048,16384,2048,0,0,0,0,0,359.168,10.602
AV333,2022-01-19 07:22:22,-3.591546502,37.165087358,0,16384,2048,0,0,0,359.168,0,359.168,10.602
AV333,2022-01-19 07:52:27,-3.591592279,37.165117876,2048,16384,2048,0,0,0,0,0,359.168,10.602
AV333,2022-01-19 08:22:36,-3.591607538,37.165224689,2048,16384,2048,0,0,0,359.168,0,359.168,10.602
AV333,2022-01-19 08:53:08,-3.591165026,37.164766918,0,16384,2048,0,0,0,0,0,359.168,10.602
AV333,2022-01-19 09:22:43,-3.591515984,37.164980545,2048,16384,2048,0,0,0,0,0,359.168,10.602
AV333,2022-01-19 09:53:21,-3.591485466,37.165026322,2048,16384,2048,0,0,0,0,0,359.168,10.602
AV333,2022-01-19 10:22:56,-3.591470207,37.165026322,2048,16384,2048,0,0,0,0,0,359.168,10.602
AV333,2022-01-19 10:53:01,-3.591515984,37.165026322,2048,16384,2048,0,0,0,359.168,0,359.168,11.839
AV333,2022-01-19 11:23:12,-3.591439689,37.165041581,2048,16384,2048,0,0,0,0,0,359.168,14.932
AV333,2022-01-19 11:53:16,-3.591378653,37.165026322,2048,16384,2048,0,0,0,0,0,359.168,17.407
AV333,2022-01-19 12:23:19,-3.591363394,37.165346761,2048,16384,2048,0,0,0,359.168,0,359.168,19.882
AV333,2022-01-19 12:53:31,-3.591180285,37.165331502,2048,16384,2048,0,0,0,0,0,359.168,21.738
AV333,2022-01-19 13:23:34,-3.591378653,37.165163653,2048,16384,2048,0,0,0,0,0,359.168,22.975
AV333,2022-01-19 13:53:43,-3.591180285,37.165026322,2048,16384,2048,0,0,0,0,0,359.168,24.212
AV333,2022-01-19 14:23:47,-3.591149767,37.164980545,2048,16384,2048,0,0,0,0,0,359.168,24.831
AV333,2022-01-19 14:54:07,-3.59125658,37.165011063,2048,16384,2048,0,0,0,359.168,0,359.168,23.594
AV333,2022-01-19 15:23:58,-3.591439689,37.16505684,2048,16384,2048,0,0,0,0,0,359.168,19.882
AV333,2022-01-19 15:54:05,-3.591470207,37.165041581,2048,16384,2048,0,0,0,0,0,359.168,17.407
AV333,2022-01-19 16:24:11,-3.591531243,37.165117876,2048,16384,2048,0,0,0,0,0,359.168,15.551
AV333,2022-01-19 16:54:21,-3.591531243,37.165102617,2048,16384,2048,0,0,0,0,0,359.168,13.695
AV333,2022-01-19 17:24:28,-3.591699092,37.164843214,2048,16384,2048,0,0,0,0,0,359.168,12.458
AV333,2022-01-19 17:54:36,-3.591500725,37.164980545,2048,16384,2048,0,0,0,0,0,359.168,11.22
AV333,2022-01-19 18:24:43,-3.591378653,37.16505684,2048,16384,2048,0,0,0,359.168,0,359.168,10.602
AV333,2022-01-19 18:54:41,-3.591439689,37.165041581,2048,16384,2048,0,0,0,0,0,359.168,10.602
AV333,2022-01-19 19:24:53,-3.591393912,37.164950027,2048,16384,2048,0,0,0,0,0,359.168,10.602
AV333,2022-01-19 19:54:57,-3.59125658,37.164965286,2048,16384,2048,0,0,0,0,0,359.168,10.602
AV333,2022-01-19 20:25:07,-3.591287098,37.165072099,2048,16384,2048,0,0,0,0,0,359.168,10.602
AV333,2022-01-19 20:55:09,-3.591363394,37.165026322,2048,16384,2048,0,0,0,0,0,359.168,10.602
AV333,2022-01-19 21:25:28,-3.591317617,37.165026322,2048,16384,2048,0,0,0,359.168,0,359.168,10.602
AV333,2022-01-19 21:55:26,-3.591470207,37.164934768,2048,16384,2048,0,0,0,359.168,0,359.168,10.602
AV333,2022-01-19 22:25:29,-3.591454948,37.164858473,2048,16384,2048,0,0,0,359.168,0,359.168,10.602
AV333,2022-01-19 22:55:27,-3.591592279,37.165148394,2048,16384,2048,0,0,0,359.168,0,359.168,10.602
AV333,2022-01-19 23:25:32,-3.59157702,37.164812696,2048,16384,2048,0,0,0,359.168,0,359.168,10.602
AV333,2022-01-19 23:55:38,-3.591439689,37.164888991,2048,16384,2048,0,0,0,0,0,359.168,10.602
AV333,2022-01-20 00:25:50,-3.591332876,37.164873732,2048,16384,2048,0,0,0,0,0,359.168,10.602
AV333,2022-01-20 00:55:50,-3.591241321,37.164934768,2048,16384,2048,0,0,0,0,0,359.168,10.602
AV333,2022-01-20 01:26:02,-3.591317617,37.165087358,2048,16384,2048,0,0,0,0,0,359.168,10.602
AV333,2022-01-20 01:56:00,-3.591439689,37.165087358,2048,16384,2048,0,0,0,359.168,0,359.168,10.602
AV333,2022-01-20 02:26:06,-3.591638056,37.16520943,2048,16384,2048,0,0,0,0,0,359.168,10.602
AV333,2022-01-20 02:26:06,-3.591638056,37.16520943,2048,16384,2048,0,0,0,0,0,359.168,10.602
AV333,2022-01-20 02:56:19,-3.591500725,37.165026322,2048,16384,2048,0,0,0,359.168,0,359.168,10.602
AV333,2022-01-20 02:56:19,-3.591500725,37.165026322,2048,16384,2048,0,0,0,359.168,0,359.168,10.602
AV333,2022-01-20 03:26:26,-3.591409171,37.165026322,2048,16384,2048,0,0,0,359.168,0,359.168,10.602
AV333,2022-01-20 03:56:33,-3.591332876,37.165026322,2048,16384,2048,0,0,0,0,0,359.168,10.602
AV333,2022-01-20 04:26:28,-3.591393912,37.164980545,2048,16384,2048,0,0,0,0,0,359.168,10.602
AV333,2022-01-20 04:56:38,-3.591317617,37.164965286,2048,16384,2048,0,0,0,0,0,359.168,10.602
AV333,2022-01-20 05:26:37,-3.590920882,37.165484092,2048,16384,2048,0,0,0,0,0,359.168,10.602
AV333,2022-01-20 05:56:43,-3.591317617,37.165239948,2048,16384,2048,0,0,0,359.168,0,359.168,10.602
AV333,2022-01-20 06:27:05,-3.591638056,37.165270466,2048,16384,2048,0,0,0,359.168,0,359.168,10.602
AV333,2022-01-20 06:56:53,-3.591561761,37.165148394,2048,16384,2048,0,0,0,359.168,0,359.168,10.602
AV333,2022-01-20 07:26:58,-3.591531243,37.165148394,2048,16384,2048,0,0,0,0,0,359.168,10.602
AV333,2022-01-20 07:57:03,-3.59142443,37.165102617,0,16384,2048,0,0,0,0,0,359.168,10.602
AV333,2022-01-20 08:27:08,-3.591454948,37.165117876,2048,16384,2048,0,0,0,359.168,0,359.168,10.602
AV333,2022-01-20 08:57:14,-3.591454948,37.165178912,2048,16384,2048,0,0,0,359.168,0,359.168,10.602
AV333,2022-01-20 09:27:21,-3.591485466,37.165072099,2048,16384,2048,0,0,0,0,0,359.168,10.602
AV333,2022-01-20 09:57:28,-3.591500725,37.165148394,2048,16384,2048,0,0,0,359.168,0,359.168,10.602
AV333,2022-01-20 10:27:30,-3.592248417,37.165880827,2048,16384,2048,0,0,0,0,0,359.168,10.602
AV333,2022-01-20 10:57:39,-3.591195544,37.165041581,2048,16384,2048,0,0,0,0,0,359.168,12.458
AV333,2022-01-20 11:27:43,-3.591287098,37.165011063,2048,16384,2048,0,0,223.984,0,0,359.168,14.932
AV333,2022-01-20 11:57:53,-3.591363394,37.165102617,2048,16384,2048,0,0,0,0,0,359.168,17.407
AV333,2022-01-20 12:28:15,-3.591470207,37.165026322,2048,16384,2048,0,0,0,0,0,359.168,19.263
AV333,2022-01-20 12:58:02,-3.591378653,37.165148394,2048,16384,2048,0,0,0,0,0,359.168,21.119
AV333,2022-01-20 13:28:13,-3.591363394,37.16520943,2048,16384,2048,0,0,0,0,0,359.168,22.356
AV333,2022-01-20 13:58:14,-3.591302358,37.165300984,2048,16384,2048,0,0,0,0,0,359.168,23.594
AV333,2022-01-20 14:28:37,-3.59142443,37.165300984,2048,16384,2048,0,0,0,0,0,359.168,24.212
AV333,2022-01-20 14:58:53,-3.591500725,37.16505684,2048,16384,2048,0,0,0,0,0,359.168,21.738
AV333,2022-01-20 15:28:33,-3.591439689,37.165072099,2048,16384,2048,0,0,0,359.168,0,359.168,18.644
AV333,2022-01-20 15:58:39,-3.591500725,37.165072099,2048,16384,2048,0,0,0,0,0,359.168,16.17
AV333,2022-01-20 16:28:45,-3.591500725,37.16505684,2048,16384,2048,0,0,223.984,359.168,0,359.168,14.314
AV333,2022-01-20 16:58:56,-3.591500725,37.165072099,2048,16384,2048,0,0,0,0,0,359.168,13.076
AV333,2022-01-20 17:29:26,-3.591531243,37.165316243,2048,16384,2048,0,0,0,0,0,359.168,11.839
AV333,2022-01-20 17:59:34,-3.591378653,37.165041581,2048,16384,2048,0,0,0,359.168,0,359.168,10.602
AV333,2022-01-20 18:29:17,-3.591515984,37.165026322,2048,16384,2048,0,0,0,0,0,359.168,10.602
AV333,2022-01-20 19:29:21,-3.591515984,37.165072099,2048,16384,2048,0,0,0,359.168,0,359.168,10.602
AV333,2022-01-20 19:59:27,-3.591531243,37.16505684,2048,16384,2048,0,0,0,0,0,359.168,10.602
AV333,2022-01-20 20:29:33,-3.59142443,37.165117876,2048,16384,2048,0,0,0,0,0,359.168,10.602
AV333,2022-01-20 20:59:38,-3.591485466,37.165163653,2048,16384,2048,0,0,0,359.168,0,359.168,10.602
AV333,2022-01-20 21:29:49,-3.591653315,37.165148394,2048,16384,2048,0,0,0,359.168,0,359.168,10.602
AV333,2022-01-20 22:00:13,-3.591561761,37.165102617,2048,16384,2048,0,0,0,0,0,359.168,10.602
AV333,2022-01-20 22:29:57,-3.591485466,37.165041581,2048,16384,2048,0,0,0,0,0,359.168,10.602
AV333,2022-01-20 23:00:00,-3.591531243,37.165026322,2048,16384,2048,0,0,0,0,0,359.168,10.602
AV333,2022-01-20 23:30:05,-3.591561761,37.164995804,2048,16384,2048,0,0,0,0,0,359.168,10.602
AV333,2022-01-21 00:00:12,-3.591622797,37.165026322,2048,16384,2048,0,0,0,0,0,359.168,10.602
AV333,2022-01-21 00:30:41,-3.591638056,37.165026322,2048,16384,2048,0,0,0,0,0,359.168,10.602
AV333,2022-01-21 01:00:22,-3.591546502,37.165102617,2048,16384,2048,0,0,0,0,0,359.168,10.602
AV333,2022-01-21 01:30:28,-3.591515984,37.165102617,2048,16384,2048,0,0,0,0,0,359.168,10.602
AV333,2022-01-21 02:00:39,-3.591409171,37.164950027,2048,16384,2048,0,0,0,359.168,0,359.168,10.602
AV333,2022-01-21 02:31:08,-3.591592279,37.164705882,2048,16384,2048,0,0,0,0,0,359.168,10.602
AV333,2022-01-21 02:31:08,-3.591592279,37.164705882,2048,16384,2048,0,0,0,0,0,359.168,10.602
AV333,2022-01-21 03:00:43,-3.591515984,37.164995804,2048,16384,2048,0,0,0,0,0,359.168,10.602
AV333,2022-01-21 03:00:43,-3.591515984,37.164995804,2048,16384,2048,0,0,0,0,0,359.168,10.602
AV333,2022-01-21 03:30:48,-3.591546502,37.165026322,2048,16384,2048,0,0,0,359.168,0,359.168,10.602
AV333,2022-01-21 04:00:57,-3.591531243,37.165011063,2048,16384,2048,0,0,0,0,0,359.168,10.602
AV333,2022-01-21 04:30:59,-3.59157702,37.165041581,2048,16384,2048,0,0,0,359.168,0,359.168,10.602
AV333,2022-01-21 05:01:09,-3.59157702,37.165087358,2048,16384,2048,0,0,0,0,0,359.168,10.602
AV333,2022-01-21 05:31:11,-3.59157702,37.165133135,2048,16384,2048,0,0,0,0,0,359.168,10.602
AV333,2022-01-21 06:01:18,-3.591714351,37.165239948,2048,16384,2048,0,0,0,359.168,0,359.168,10.602
AV333,2022-01-21 06:31:25,-3.5918822,37.165133135,2048,16384,2048,0,0,0,0,0,359.168,10.602
AV333,2022-01-21 07:01:40,-3.591531243,37.165148394,2048,16384,2048,0,0,0,0,0,359.168,10.602
AV333,2022-01-21 07:31:34,-3.591439689,37.164721141,0,16384,2048,0,0,0,359.168,0,359.168,10.602
AV333,2022-01-21 08:01:39,-3.591226062,37.165087358,2048,16384,2048,0,0,0,0,0,359.168,10.602
AV333,2022-01-21 08:31:54,-3.591485466,37.164995804,2048,16384,2048,0,0,0,0,0,359.168,10.602
AV333,2022-01-21 09:01:56,-3.591378653,37.165133135,2048,16384,2048,0,0,0,0,0,359.168,10.602
AV333,2022-01-21 09:32:04,-3.59125658,37.165392538,2048,16384,2048,0,0,0,0,0,359.168,10.602
AV333,2022-01-21 10:02:23,-3.591393912,37.165300984,2048,16384,2048,0,0,223.984,0,0,359.168,10.602
AV333,2022-01-21 10:32:15,-3.591454948,37.165194171,2048,16384,2048,0,0,0,0,0,359.168,10.602
AV333,2022-01-21 11:02:14,-3.591195544,37.165270466,2048,16384,2048,0,0,0,0,0,359.168,12.458
AV333,2022-01-21 11:32:18,-3.59125658,37.165133135,2048,16384,2048,0,0,0,0,0,359.168,14.932
AV333,2022-01-21 12:02:25,-3.591363394,37.164980545,2048,16384,2048,0,0,0,0,0,359.168,18.026
AV333,2022-01-21 12:32:34,-3.591393912,37.164980545,2048,16384,2048,0,0,0,0,0,359.168,19.882
AV333,2022-01-21 13:02:38,-3.59142443,37.165041581,2048,16384,2048,0,0,0,0,0,359.168,21.738
AV333,2022-01-21 13:32:52,-3.591470207,37.165285725,2048,16384,2048,0,0,0,0,0,359.168,22.356
AV333,2022-01-21 14:02:53,-3.591439689,37.165087358,2048,16384,2048,0,0,0,359.168,0,359.168,22.975
AV333,2022-01-21 14:32:58,-3.590981918,37.165194171,2048,16384,2048,0,0,0,0,0,359.168,23.594
AV333,2022-01-21 15:03:05,-3.591363394,37.165148394,2048,16384,2048,0,0,0,0,0,359.168,21.119
AV333,2022-01-21 15:33:14,-3.591378653,37.165163653,2048,16384,2048,0,0,0,359.168,0,359.168,17.407
